abstencoes;brancos;c10_pct;c10_votos;c11_pct;c11_votos;c12_pct;c12_votos;c1_pct;c1_votos;c2_pct;c2_votos;c3_pct;c3_votos;c4_pct;c4_votos;c5_pct;c5_votos;c6_pct;c6_votos;c7_pct;c7_votos;c8_pct;c8_votos;c9_pct;c9_votos;comparecimento;eleitores_aptos;escolaridade_analfabeto;escolaridade_ensino_fundamental_completo;escolaridade_ensino_fundamental_incompleto;escolaridade_ensino_medio_completo;escolaridade_ensino_medio_incompleto;escolaridade_le_e_escreve;escolaridade_nao_informado;escolaridade_superior_completo;escolaridade_superior_incompleto;estado_civil_casado;estado_civil_divorciado;estado_civil_nao_informado;estado_civil_separado_judicialmente;estado_civil_solteiro;estado_civil_viuvo;faixa_100_anos_ou_mais;faixa_16_anos;faixa_17_anos;faixa_18_anos;faixa_19_anos;faixa_20_anos;faixa_21_a_24_anos;faixa_25_a_29_anos;faixa_30_a_34_anos;faixa_35_a_39_anos;faixa_40_a_44_anos;faixa_45_a_49_anos;faixa_50_a_54_anos;faixa_55_a_59_anos;faixa_60_a_64_anos;faixa_65_a_69_anos;faixa_70_a_74_anos;faixa_75_a_79_anos;faixa_80_a_84_anos;faixa_85_a_89_anos;faixa_90_a_94_anos;faixa_95_a_99_anos;faixa_invalida;genero_feminino;genero_masculino;genero_nao_informado;margem_1o_2o_pts;n_municipios;nulos;pct_abstencao;perfil_total;raca_amarela;raca_branca;raca_indigena;raca_nao_informado;raca_parda;raca_preta;secoes_total;secoes_totalizadas;taxa_abstencao;taxa_comparecimento;uf;votos_validos
125412.0;5579.0;0.23;72.0;0.12;40.0;0.05;27.0;1403.67;303573.0;690.33;134004.0;49.06;13571.0;30.32;8925.0;22.06;7601.0;2.03;591.0;1.15;346.0;0.7;197.0;0.38;119.0;488330.0;613742.0;45287.0;28753.0;117595.0;148077.0;124375.0;54507.0;0.0;58615.0;37166.0;144125.0;20576.0;0.0;2244.0;435057.0;12373.0;225.0;5374.0;8690.0;12179.0;13500.0;14159.0;58650.0;73320.0;66535.0;61286.0;61740.0;57218.0;45954.0;37963.0;30709.0;23435.0;17979.0;12007.0;7142.0;3962.0;1660.0;680.0;8.0;317234.0;297141.0;0.0;34.72;22;13662.0;20.43;614375.0;988.0;25718.0;7685.0;437423.0;127894.0;14667.0;2270.0;2270.0;20.43;79.57;AC;469066.0
503698.0;33712.0;0.89;259.0;0.42;149.0;0.17;88.0;6534.81;1068206.0;3271.51;662971.0;208.56;42427.0;116.15;26851.0;53.46;14198.0;6.08;1480.0;3.89;1164.0;2.57;651.0;1.63;412.0;1938428.0;2442126.0;237436.0;107533.0;580309.0;510747.0;490907.0;262856.0;0.0;150564.0;101442.0;654974.0;67566.0;0.0;13011.0;1658166.0;48077.0;673.0;15976.0;24599.0;38731.0;42924.0;45976.0;193373.0;259319.0;251131.0;235970.0;245183.0;229781.0;201592.0;176483.0;151634.0;115549.0;89626.0;61551.0;36790.0;16915.0;6212.0;1740.0;66.0;1305898.0;1135896.0;0.0;20.91;102;85787.0;20.63;2441794.0;3115.0;119414.0;5308.0;1842687.0;424460.0;46810.0;7101.0;7101.0;20.63;79.37;AL;1818856.0
100426.0;4415.0;0.15;59.0;0.06;47.0;0.04;40.0;840.26;229954.0;648.45;194827.0;56.73;19057.0;29.94;11396.0;21.47;8250.0;1.23;523.0;0.79;340.0;0.51;225.0;0.29;140.0;476562.0;576988.0;18663.0;29924.0;114156.0;162624.0;127740.0;25473.0;0.0;58517.0;40437.0;95476.0;10104.0;0.0;3006.0;460939.0;8009.0;180.0;5886.0;8547.0;11282.0;12033.0;13133.0;52854.0;69832.0;66224.0;60708.0;59634.0;52864.0;44174.0;35242.0;27735.0;20892.0;15067.0;9791.0;6332.0;3261.0;1396.0;466.0;1.0;296729.0;280804.0;1.0;7.37;16;7272.0;17.41;577534.0;921.0;27181.0;3774.0;382117.0;141002.0;22539.0;1914.0;1914.0;17.41;82.59;AP;464858.0
564062.0;24402.0;0.32;289.0;0.2;188.0;0.09;152.0;3900.75;1264042.0;2015.7;759718.0;151.82;77627.0;74.2;36979.0;51.35;26646.0;2.51;1948.0;1.71;1759.0;1.01;921.0;0.55;494.0;2234549.0;2798611.0;106124.0;123162.0;514992.0;917733.0;577699.0;141969.0;0.0;245768.0;173735.0;561570.0;56029.0;2.0;10972.0;2131884.0;40725.0;719.0;18031.0;33346.0;51527.0;60513.0;66142.0;271084.0;338036.0;316561.0;282320.0;288289.0;263714.0;215084.0;172861.0;143569.0;109151.0;78731.0;48973.0;24996.0;11773.0;4371.0;1385.0;6.0;1440590.0;1360592.0;0.0;22.57;62;39302.0;20.16;2801182.0;3628.0;83586.0;73580.0;2007322.0;602800.0;30266.0;8157.0;8157.0;20.16;79.84;AM;2170763.0
2259151.0;154936.0;3.27;920.0;1.91;667.0;0.84;416.0;29117.28;5689372.0;10855.21;2417984.0;815.95;196630.0;496.75;135816.0;358.26;103228.0;23.37;6846.0;13.85;4647.0;8.55;2135.0;5.64;1630.0;9053601.0;11312752.0;603067.0;471169.0;2477771.0;3158410.0;2016068.0;1264741.0;106.0;894560.0;435113.0;3060652.0;343353.0;181.0;50428.0;7619194.0;247197.0;2565.0;52014.0;86256.0;150462.0;170107.0;183979.0;813233.0;1101761.0;1074500.0;1074961.0;1207620.0;1152288.0;954686.0;858753.0;756802.0;605136.0;451768.0;316337.0;176373.0;88327.0;33445.0;9542.0;90.0;5973523.0;5347433.0;49.0;36.13;417;338123.0;19.97;11321005.0;10654.0;336404.0;10929.0;9205481.0;1261113.0;496424.0;35476.0;35476.0;19.97;80.03;BA;8560291.0
1086074.0;103295.0;1.61;680.0;1.01;496.0;0.49;338.0;12889.63;3555375.0;4716.83;1756738.0;389.56;140991.0;269.51;107182.0;111.4;45542.0;8.76;4535.0;5.8;3260.0;3.66;1597.0;2.43;1080.0;5910471.0;6996545.0;453276.0;375167.0;1364907.0;1865552.0;1348415.0;662701.0;112.0;587320.0;341044.0;2100931.0;195359.0;164.0;53211.0;4478159.0;170670.0;1925.0;47647.0;71680.0;101846.0;111367.0;119724.0;496192.0;710658.0;739357.0;709003.0;706017.0;643095.0;558328.0;503517.0;467150.0;341278.0;267761.0;197569.0;111336.0;60964.0;24816.0;7186.0;78.0;3693478.0;3304920.0;96.0;30.43;184;189185.0;15.52;6998494.0;6751.0;309964.0;5168.0;5647148.0;939614.0;89849.0;23765.0;23765.0;15.52;84.48;CE;5617814.0
426924.0;25362.0;0.02;382.0;0.02;334.0;0.02;324.0;51.31;909616.0;38.11;675627.0;4.8;85076.0;2.64;46714.0;2.59;45979.0;0.28;4915.0;0.13;2297.0;0.05;828.0;0.04;716.0;1831396.0;2258320.0;16914.0;102534.0;270524.0;692511.0;335587.0;63339.0;1.0;525807.0;245915.0;702413.0;122256.0;0.0;21773.0;1365162.0;41528.0;563.0;7004.0;12190.0;26324.0;29894.0;33754.0;154011.0;217950.0;220873.0;223244.0;245426.0;245375.0;203281.0;174181.0;148034.0;108175.0;83697.0;57624.0;33858.0;18093.0;7358.0;2216.0;7.0;1219697.0;1033430.0;5.0;12.78;1;33169.0;18.9;2253132.0;3415.0;145068.0;822.0;1871535.0;187620.0;44672.0;6969.0;6969.0;18.9;81.1;DF;1772808.0
639368.0;43211.0;0.84;386.0;0.56;282.0;0.26;194.0;4464.43;1250673.0;2849.56;832549.0;201.21;65168.0;147.31;54320.0;111.84;37966.0;14.74;5882.0;5.01;2013.0;2.72;973.0;1.56;672.0;2352282.0;2991650.0;103130.0;201962.0;693713.0;811919.0;546863.0;152809.0;721.0;334874.0;144499.0;1098057.0;158403.0;856.0;24620.0;1624895.0;83659.0;4890.0;6546.0;13756.0;30752.0;37560.0;42636.0;190268.0;268225.0;274579.0;291185.0;310054.0;298988.0;251857.0;233681.0;219253.0;184242.0;143002.0;91223.0;50260.0;27742.0;13329.0;6429.0;33.0;1578618.0;1411346.0;526.0;17.78;78;57872.0;21.37;2990490.0;2309.0;251617.0;1938.0;2259180.0;379407.0;96039.0;9844.0;9844.0;21.37;78.63;ES;2251078.0
574345.0;5816.0;8.2;350.0;4.16;228.0;1.81;132.0;9118.98;206826.0;4056.88;94463.0;559.4;10227.0;350.87;8326.0;205.31;4703.0;110.35;3206.0;44.5;1240.0;26.46;689.0;13.05;492.0;341766.0;916534.0;1133.0;46621.0;31005.0;263176.0;90476.0;9494.0;1.0;353470.0;123500.0;381498.0;53172.0;0.0;4320.0;473528.0;6358.0;262.0;785.0;1646.0;6845.0;11352.0;13746.0;65195.0;78768.0;97966.0;115044.0;124782.0;116267.0;88917.0;68982.0;55505.0;34862.0;20286.0;10199.0;4598.0;1729.0;717.0;420.0;3.0;527734.0;391142.0;0.0;32.88;186;4945.0;62.66;918876.0;21170.0;233202.0;600.0;556966.0;89277.0;17661.0;1351.0;1351.0;62.66;37.29;ZZ;330882.0
1109003.0;45643.0;1.14;378.0;0.61;270.0;0.28;187.0;12871.87;2065448.0;8112.88;1175534.0;3076.18;471827.0;291.39;58133.0;216.78;49821.0;15.14;2863.0;7.94;2019.0;4.19;800.0;2.1;543.0;3971587.0;5080590.0;122262.0;285083.0;1049115.0;1494438.0;905390.0;278312.0;0.0;595565.0;350590.0;1775501.0;290833.0;0.0;37825.0;2834994.0;141602.0;1336.0;18090.0;31920.0;61025.0;74033.0;84101.0;365445.0;483972.0;499906.0;500891.0;517160.0;500939.0;442702.0;395558.0;346935.0;270131.0;203091.0;137959.0;81277.0;42033.0;17251.0;4971.0;29.0;2691542.0;2389212.0;1.0;22.41;246;98014.0;21.83;5080755.0;11598.0;327305.0;1289.0;3987876.0;646603.0;106084.0;15686.0;15686.0;21.83;78.17;GO;3827823.0
1022772.0;46315.0;1.35;378.0;0.73;231.0;0.29;148.0;15012.88;2610413.0;5830.23;1194928.0;372.18;85475.0;261.13;62402.0;185.34;47495.0;23.42;4603.0;6.49;1981.0;3.99;1532.0;2.45;853.0;4160343.0;5183115.0;376007.0;285110.0;1063338.0;1392449.0;1015062.0;573040.0;12.0;314595.0;166949.0;1205778.0;108044.0;13.0;17032.0;3777858.0;77837.0;2438.0;44596.0;66374.0;99874.0;110330.0;113279.0;449949.0;553988.0;516205.0;522918.0;539055.0;472299.0;383061.0;336858.0;294365.0;231938.0;180577.0;126665.0;77278.0;42119.0;17177.0;5189.0;30.0;2692850.0;2493707.0;5.0;34.02;217;103244.0;19.73;5186562.0;8094.0;211820.0;14127.0;3572854.0;1204015.0;175652.0;18093.0;18093.0;19.73;80.27;MA;4010439.0
585668.0;20756.0;0.81;221.0;0.28;118.0;0.16;85.0;9397.04;1307707.0;4144.44;572555.0;286.93;43352.0;203.5;35082.0;141.05;27834.0;13.29;2834.0;6.81;1809.0;4.11;1316.0;1.68;375.0;2052133.0;2637801.0;84710.0;142937.0;526048.0;715865.0;485883.0;146172.0;15.0;362953.0;173647.0;880092.0;131343.0;37.0;18335.0;1542295.0;66128.0;1327.0;16253.0;25534.0;36716.0;41567.0;45771.0;191730.0;255452.0;272941.0;272499.0;278333.0;259313.0;226125.0;198974.0;172982.0;131454.0;94945.0;59717.0;32471.0;15581.0;6236.0;2294.0;15.0;1355774.0;1282435.0;21.0;35.82;142;37994.0;22.2;2638230.0;6098.0;268726.0;21459.0;1648672.0;592272.0;101003.0;8287.0;8287.0;22.2;77.8;MT;1993288.0
483210.0;21270.0;0.7;257.0;0.38;192.0;0.21;146.0;4601.52;879497.0;2886.42;510709.0;178.71;39582.0;129.26;32449.0;85.8;22255.0;9.31;2824.0;3.93;1313.0;2.47;647.0;1.33;407.0;1541220.0;2024430.0;63816.0;115396.0;478707.0;487796.0;335274.0;107369.0;0.0;285060.0;151466.0;678314.0;111999.0;0.0;18500.0;1159482.0;56589.0;2017.0;8477.0;14270.0;25633.0;28142.0;33475.0;140762.0;190660.0;202117.0;198342.0;203101.0;193263.0;170273.0;156246.0;143153.0;114607.0;85652.0;56399.0;32201.0;16299.0;6926.0;2831.0;38.0;1069380.0;955504.0;0.0;23.93;79;29596.0;23.87;2024884.0;3596.0;170018.0;17234.0;1587112.0;217217.0;29707.0;7106.0;7106.0;23.87;76.13;MS;1490278.0
3735098.0;268302.0;7.91;2042.0;3.79;1459.0;1.57;970.0;47535.22;6396220.0;31718.77;4570264.0;2727.0;413830.0;1585.28;268178.0;1147.08;207264.0;475.82;96504.0;55.47;11465.0;26.81;4815.0;15.58;3224.0;12637274.0;16372372.0;637766.0;987583.0;3917804.0;4146318.0;3216539.0;1086190.0;7071.0;1671557.0;706831.0;5683769.0;772975.0;5321.0;155663.0;9255106.0;504825.0;52424.0;48906.0;84171.0;175964.0;204948.0;232931.0;1017516.0;1454488.0;1498545.0;1530407.0;1581677.0;1558997.0;1359073.0;1290439.0;1227242.0;1029204.0;795465.0;545092.0;336200.0;195854.0;102790.0;55194.0;132.0;8594838.0;7778838.0;3983.0;14.45;853;392176.0;22.81;16377659.0;18613.0;1306528.0;8264.0;12760997.0;1795303.0;487954.0;52062.0;52062.0;22.81;77.19;MG;11976235.0
1772200.0;122499.0;2.92;1120.0;1.62;890.0;0.86;697.0;23303.78;3958262.0;13954.7;2041680.0;1046.49;211914.0;842.66;187881.0;651.13;154028.0;57.15;17246.0;22.22;6845.0;10.53;2669.0;5.76;2011.0;6841457.0;8613657.0;174308.0;602988.0;1813280.0;2502719.0;1299756.0;308753.0;90.0;1233037.0;674095.0;3431497.0;423025.0;89.0;114393.0;4352265.0;287757.0;877.0;29108.0;48637.0;95226.0;109370.0;128201.0;551346.0;782473.0;823196.0;814243.0;826109.0;802447.0;738082.0;715734.0;661456.0;533456.0;411128.0;278478.0;156938.0;71692.0;25019.0;5777.0;33.0;4546260.0;4062743.0;23.0;28.01;399;133447.0;20.57;8609026.0;16291.0;909770.0;6132.0;7106263.0;489440.0;81130.0;27142.0;27142.0;20.57;79.43;PR;6585243.0
564543.0;52297.0;1.28;295.0;0.56;185.0;0.26;123.0;15809.08;1541127.0;5511.25;831377.0;544.86;73959.0;284.4;42157.0;118.98;19473.0;13.68;2169.0;8.24;1622.0;4.87;712.0;2.72;548.0;2683988.0;3248531.0;204444.0;147946.0;747821.0;734218.0;556464.0;409159.0;0.0;275296.0;172049.0;1042875.0;121779.0;0.0;19861.0;1975021.0;87861.0;1044.0;21311.0;31581.0;48631.0;51642.0;56148.0;235247.0;308572.0;313783.0;315969.0;325979.0;305546.0;268987.0;239935.0;217000.0;163684.0;130669.0;100156.0;60802.0;34003.0;12859.0;3794.0;55.0;1718209.0;1529188.0;0.0;26.44;223;117854.0;17.38;3247397.0;3492.0;197076.0;4630.0;2571264.0;419562.0;51373.0;10712.0;10712.0;17.38;82.62;PB;2513747.0
1195893.0;54203.0;1.08;564.0;0.79;410.0;0.47;221.0;8924.62;2819104.0;4865.07;1772090.0;299.22;125348.0;182.16;84795.0;111.28;51185.0;7.13;4125.0;4.53;2866.0;2.66;1394.0;1.77;1070.0;5066504.0;6262397.0;268229.0;345283.0;1566089.0;1656375.0;1189072.0;504232.0;15.0;468013.0;268047.0;1376968.0;154135.0;22.0;27711.0;4582564.0;123955.0;2370.0;39193.0;67873.0;110070.0;124346.0;132669.0;551631.0;699903.0;682025.0;641579.0;648372.0;583667.0;483648.0;406732.0;338034.0;266878.0;203827.0;136140.0;81490.0;41978.0;17197.0;5690.0;43.0;3179896.0;3085453.0;6.0;20.67;144;148946.0;19.1;6265355.0;8465.0;245867.0;17069.0;4343198.0;1472274.0;178482.0;20827.0;20827.0;19.1;80.9;PA;4863172.0
1312388.0;109491.0;1.38;576.0;0.82;429.0;0.46;289.0;13251.94;3560866.0;4398.36;1731148.0;385.24;138416.0;248.48;88866.0;192.32;69719.0;11.31;6110.0;5.15;2481.0;3.05;1261.0;2.08;856.0;5911062.0;7223450.0;432693.0;332362.0;1622083.0;1978608.0;1247876.0;664126.0;334.0;603235.0;344427.0;2140300.0;262120.0;625.0;32585.0;4596775.0;193339.0;8722.0;36311.0;59726.0;97126.0;109626.0;121215.0;525979.0;713973.0;703286.0;706772.0;726026.0;690351.0;615681.0;540311.0;482228.0;373732.0;287305.0;207411.0;120417.0;62696.0;25441.0;11280.0;129.0;3876071.0;3349351.0;322.0;30.95;185;200416.0;18.17;7225744.0;6883.0;440948.0;28384.0;5548026.0;1045946.0;155557.0;21418.0;21418.0;18.17;81.83;PE;5601017.0
463875.0;28329.0;1.08;195.0;0.41;134.0;0.18;91.0;17027.54;1523710.0;4485.59;517028.0;426.96;48133.0;263.51;33124.0;169.66;20338.0;12.15;1587.0;6.66;1121.0;3.94;531.0;2.34;402.0;2240883.0;2704758.0;208581.0;144945.0;601510.0;587099.0;499104.0;342873.0;2.0;202423.0;121623.0;757466.0;65520.0;1.0;18909.0;1804441.0;61823.0;1200.0;22544.0;32286.0;43392.0;46243.0;49228.0;197933.0;266377.0;255490.0;263968.0;276569.0;252663.0;215164.0;189717.0;173987.0;136463.0;108688.0;80677.0;51229.0;27963.0;12396.0;3932.0;51.0;1400770.0;1307389.0;1.0;44.92;224;66108.0;17.15;2708160.0;5492.0;108593.0;868.0;2086616.0;434217.0;72374.0;10225.0;10225.0;17.15;82.85;PI;2146394.0
2997846.0;201979.0;2.01;2682.0;1.31;2030.0;0.79;1612.0;5209.76;4989381.0;3356.37;3670484.0;240.62;248253.0;196.66;217637.0;158.68;193194.0;17.78;22078.0;9.39;14036.0;3.94;4660.0;2.91;3653.0;9859802.0;12857648.0;227487.0;998391.0;2872204.0;3262548.0;2969737.0;631328.0;10642.0;1217118.0;667545.0;3557322.0;490098.0;11536.0;109810.0;8387767.0;300467.0;105262.0;20719.0;46909.0;121618.0;154290.0;175109.0;789932.0;1154372.0;1159919.0;1125055.0;1188863.0;1204628.0;1060752.0;998207.0;979859.0;837029.0;662124.0;454816.0;275461.0;163862.0;93519.0;84610.0;85.0;6946339.0;5902909.0;7752.0;13.38;92;287736.0;23.32;12857000.0;8513.0;871913.0;2557.0;10664285.0;910853.0;398879.0;37675.0;37675.0;23.32;76.68;RJ;9369700.0
488812.0;33172.0;0.77;214.0;0.4;154.0;0.2;102.0;11180.59;1248272.0;4766.97;710184.0;414.94;57470.0;214.04;35170.0;101.55;16395.0;9.76;1718.0;5.55;1216.0;3.19;609.0;1.85;394.0;2171013.0;2659825.0;151689.0;110726.0;644214.0;655556.0;492611.0;234921.0;8.0;236577.0;134263.0;790479.0;92115.0;9.0;17826.0;1694210.0;65926.0;1484.0;14621.0;22622.0;36537.0;39755.0;44035.0;185715.0;252782.0;262812.0;266182.0;272476.0;248795.0;216795.0;199632.0;183854.0;137799.0;101884.0;79033.0;48181.0;28867.0;12555.0;4098.0;51.0;1403895.0;1256664.0;6.0;24.79;167;65880.0;18.38;2660565.0;2895.0;169187.0;1513.0;2140396.0;302735.0;43839.0;8115.0;8115.0;18.38;81.62;RN;2071898.0
1819642.0;148339.0;3.1;1146.0;1.73;848.0;0.96;588.0;30627.5;3681531.0;15388.66;2187011.0;1493.65;204356.0;1165.9;176907.0;860.45;140412.0;105.64;19030.0;31.63;6844.0;14.0;2595.0;7.2;1778.0;6702903.0;8522545.0;142493.0;759780.0;2276941.0;2020517.0;1523938.0;221779.0;854.0;950871.0;629060.0;2776041.0;367973.0;1479.0;167110.0;4937403.0;276227.0;21022.0;20232.0;34470.0;76972.0;89038.0;107312.0;479308.0;715307.0;751557.0;768230.0;811558.0;768543.0;681021.0;679464.0;700373.0;604887.0;483459.0;347437.0;203041.0;109061.0;49992.0;23947.0;2.0;4509262.0;4016971.0;0.0;22.3;497;131265.0;21.35;8526233.0;2864.0;1020023.0;7310.0;7154606.0;234590.0;106840.0;27547.0;27547.0;21.35;78.65;RS;6423046.0
274813.0;9846.0;0.44;135.0;0.18;96.0;0.07;35.0;3575.79;652988.0;1341.09;250667.0;114.38;25320.0;87.8;20201.0;69.23;15875.0;6.16;1371.0;2.66;810.0;1.48;360.0;0.81;201.0;991080.0;1265893.0;47724.0;66980.0;307447.0;317670.0;232279.0;89628.0;0.0;125362.0;80015.0;440387.0;70035.0;3.0;6883.0;718275.0;31522.0;238.0;10130.0;13944.0;18360.0;20531.0;22169.0;93569.0;125867.0;129708.0;128788.0;130199.0;122622.0;106637.0;95592.0;83523.0;63022.0;45276.0;28335.0;16402.0;8096.0;3155.0;909.0;33.0;653593.0;613512.0;0.0;40.59;52;13109.0;21.71;1267105.0;2347.0;89574.0;6966.0;890580.0;245865.0;31773.0;4698.0;4698.0;21.71;78.29;RO;968059.0
68749.0;2618.0;0.15;45.0;0.05;33.0;0.01;26.0;1048.1;234370.0;387.23;71372.0;30.0;8579.0;18.87;6652.0;12.99;3610.0;1.16;351.0;0.76;278.0;0.4;159.0;0.24;70.0;332772.0;401521.0;9919.0;19649.0;68137.0;119525.0;90248.0;20860.0;0.0;43015.0;30143.0;89711.0;13740.0;0.0;2318.0;288864.0;6863.0;116.0;4768.0;6786.0;8300.0;8615.0;8887.0;36750.0;47800.0;44734.0;40457.0;41484.0;36639.0;29578.0;24255.0;20723.0;15547.0;11430.0;7300.0;3984.0;2119.0;891.0;327.0;6.0;204555.0;196941.0;0.0;48.98;15;4595.0;17.12;401496.0;607.0;20702.0;22165.0;260426.0;88748.0;8848.0;1519.0;1519.0;17.12;82.88;RR;325545.0
1086492.0;69007.0;2.63;834.0;1.39;555.0;0.73;388.0;19764.96;3001486.0;7589.53;1125702.0;854.0;143812.0;688.23;126173.0;497.46;76994.0;66.29;16761.0;21.48;5126.0;8.63;1780.0;4.84;1286.0;4648159.0;5734651.0;64077.0;503911.0;1197505.0;1574491.0;918393.0;156024.0;8.0;847668.0;463676.0;2082638.0;275107.0;14.0;88761.0;3123746.0;155487.0;3431.0;16806.0;28247.0;61295.0;71115.0;81677.0;355664.0;519647.0;562171.0;584772.0;593960.0;548481.0;477679.0;452322.0;433924.0;348961.0;259847.0;173522.0;87471.0;40581.0;16469.0;7689.0;22.0;2992155.0;2733597.0;1.0;40.36;295;78071.0;18.95;5725753.0;5368.0;846055.0;3736.0;4538662.0;268214.0;63718.0;17326.0;17326.0;18.95;81.05;SC;4500897.0
301053.0;24859.0;0.59;166.0;0.32;124.0;0.13;75.0;5118.01;856019.0;1980.55;417839.0;173.04;39109.0;132.87;26687.0;83.64;21155.0;4.89;1283.0;3.0;917.0;1.94;487.0;1.06;335.0;1439082.0;1740135.0;87090.0;71615.0;481769.0;385740.0;336291.0;154438.0;0.0;131450.0;91731.0;400961.0;57877.0;0.0;13128.0;1239191.0;28967.0;601.0;8542.0;14517.0;25302.0;29020.0;31656.0;128806.0;179691.0;178341.0;173573.0;179135.0;168136.0;144157.0;128954.0;110477.0;82517.0;62597.0;44549.0;28240.0;13838.0;5773.0;1694.0;8.0;925812.0;814312.0;0.0;30.45;75;49970.0;17.3;1740124.0;2594.0;71540.0;419.0;1376196.0;242930.0;46445.0;5923.0;5923.0;17.3;82.7;SE;1364196.0
7690900.0;632801.0;8.67;6137.0;4.94;5060.0;2.87;3959.0;38354.27;13363984.0;21539.13;9063452.0;1821.6;895383.0;1429.69;807890.0;1111.74;572976.0;133.43;94911.0;54.01;42500.0;24.18;16262.0;15.47;10434.0;26431992.0;34122892.0;574211.0;2264675.0;5978611.0;11406353.0;5684385.0;970784.0;2.0;5133353.0;2091852.0;12247573.0;1842081.0;12633.0;373622.0;18714236.0;914081.0;79874.0;56898.0;123331.0;344710.0;431901.0;501120.0;2181190.0;3045163.0;3094725.0;3238263.0;3484466.0;3382401.0;2974801.0;2720282.0;2524043.0;2103031.0;1631114.0;1069621.0;586115.0;307114.0;141947.0;81969.0;147.0;18160433.0;15933255.0;10538.0;16.27;645;914888.0;22.54;34104226.0;60131.0;2820627.0;7492.0;28727292.0;1952778.0;535906.0;103656.0;103656.0;22.54;77.46;SP;24882948.0
216827.0;8344.0;0.21;61.0;0.09;44.0;0.07;33.0;7704.95;527765.0;5470.46;345565.0;350.73;24875.0;236.58;17968.0;123.32;12763.0;7.49;690.0;3.84;398.0;1.54;166.0;0.81;119.0;965196.0;1182023.0;57150.0;51723.0;226466.0;323175.0;235020.0;85235.0;0.0;130518.0;73020.0;347458.0;49384.0;0.0;7336.0;748944.0;29185.0;454.0;9835.0;13733.0;20216.0;22190.0;24016.0;95806.0;121903.0;119017.0;116186.0;121124.0;112434.0;95794.0;82036.0;70326.0;53687.0;41536.0;28638.0;17844.0;9922.0;4302.0;1297.0;11.0;601991.0;580316.0;0.0;18.88;139;26377.0;18.34;1182307.0;2648.0;62778.0;5739.0;829476.0;229205.0;52461.0;4384.0;4384.0;18.34;81.66;TO;930447.0
